{
  "name": "FlyingPress",
  "slug": "flying-press",
  "author": "<a href='https://flyingpress.com'>FlyingPress</a>",
  "author_profile": "https://flyingpress.com",
  "version": "4.15.9",
  "requires": "4.7",
  "tested": "6.7.1",
  "requires_php": "7.4",
  "sections": {
    "description": "Lightning-Fast WordPress on Autopilot",
    "changelog": "<h4>4.15.9 - 21 November, 2024</h4><ul><li>Improvement: Display alerts after importing configurations and activating license</li><li>Improvement: Simplify smart link preloading for enhanced performance</li><li>Fix: The admin bar was not displaying for logged-in users in certain cases when FlyingCDN is active</li></ul><p>Full changelog: <a href='https://flyingpress.com/changelog/'>flyingpress.com/changelog</a></p>"
  }
}
