keyword,link,add_same_link,link_once,force_insert,limit_inserts,insert_limit,select_links,set_priority,priority_setting,prioritize_longtail,restrict_date,restricted_date,case_sensitive,restrict_to_cats,restrict_term_
Keyword,Link,Add Link if post already has link?,Only link once per post?,Override 'One link per sentence' rule?,Limit how many autolinks are created?,Link insertion limit,Select links before inserting?,Set priority for link insertion?,Link insertion priority,Prioritize long-tail keywords,Only add links to posts published after specific date?,Specific date,Make keyword case sensitive,Restrict autolinks to specific categories,Specific category ids
example-keyword-1,https://example.com/example-page-1,0,1,0,0,0,0,0,0,0,0,,0,0,""
example-keyword-2,https://example.com/example-page-2,0,1,1,1,1,1,1,1,1,1,,1,0,""
example-keyword-3,https://example.com/example-page-3,0,1,0,0,0,0,0,0,0,0,,0,0,""
example-keyword-4,https://example.com/example-page-4,0,1,0,0,0,0,0,0,0,0,,0,0,""
example-keyword-5,https://example.com/example-page-5,0,1,0,0,0,0,0,0,0,0,,0,0,""